Text,Label
"Good morning class, today we are going to learn about plants and photosynthesis.",PRS
"Plants are very important because they produce oxygen, which we breathe.",
Let's start with the parts of a plant. Can anyone name a part of a plant?,OTR
"Great, the root is indeed a part of the plant!",PRS
"The main parts of a plant are the root, stem, leaves, and flowers.",
"Now, let's talk about photosynthesis.",
Photosynthesis is how plants make their own food using sunlight.,
The leaves of the plant play a crucial role in photosynthesis.,
Can someone tell me what the leaves do in photosynthesis?,OTR
"Correct, the leaves take in carbon dioxide and sunlight to produce food and oxygen.",
"Now, let's do a little experiment to understand photosynthesis better.",
We will take a plant and cover one of its leaves with a black cloth to block sunlight.,
"After a few days, we will observe what happens to the leaf.",
Does anyone have a hypothesis or a guess about what might happen?,
Interesting hypothesis! We will see if you are right in a few days.,
"Now, let's draw a diagram of a plant and label its parts.",
"Remember to label the root, stem, leaves, and flowers.",
"Next class, we will discuss our observations from the experiment.",
"For homework, please read the chapter on plants and photosynthesis in your science book.",
"Have a great day, everyone!",
"Now, let's talk about the process of photosynthesis, which is essential for plant growth.",OTR
"During photosynthesis, plants convert carbon dioxide and sunlight into oxygen and glucose.",NA
Can anyone tell me what glucose is?,PRS
"That's right, glucose is a type of sugar that provides energy for the plant.",NA
"Plants have different types of tissues, including dermal, vascular, and ground tissues.",OTR
Each type of tissue has a specific function in the plant.,NA
Who can name a part of the dermal tissue?,PRS
"Yes, the epidermis is a part of the dermal tissue, which protects the plant.",NA
"Moving on, let's discuss the vascular tissue, which includes the xylem and phloem.",OTR
"The xylem transports water and minerals, while the phloem transports sugars.",NA
Can someone explain the function of the roots in a plant?,PRS
"Correct, roots provide stability and absorb water and nutrients from the soil.",NA
"Now, let's talk about plant reproduction.",OTR
"Plants can reproduce sexually through flowers and seeds, or asexually through methods like cuttings.",NA
Does anyone know how pollination works?,PRS
"Yes, pollination involves the transfer of pollen from the anther to the stigma of a flower.",NA
Let's move on to the topic of plant adaptations.,OTR
Plants have developed various adaptations to survive in different environments.,NA
Can anyone give me an example of a plant adaptation?,PRS
"Good answer, cactus plants have adapted to survive in arid environments by storing water in their stems.",NA
"Now, let's discuss plant diseases and pests.",OTR
"Plants can be affected by a variety of diseases caused by fungi, bacteria, and viruses.",NA
Who can name a common plant disease?,PRS
"Yes, powdery mildew is a common fungal disease that affects plants.",NA
Let's move on to the topic of sustainable agriculture.,OTR
Sustainable agriculture involves farming practices that are environmentally friendly and preserve natural resources.,NA
Can someone tell me a benefit of sustainable agriculture?,PRS
"Absolutely, it helps in conserving soil health and biodiversity.",NA
"As we wrap up today's lesson, I want to emphasize the importance of plants in our ecosystem.",OTR
"Plants provide oxygen, food, and habitat for many organisms.",NA
"Before we end, does anyone have any questions?",PRS
"Alright, it seems there are no questions.",NA
"For homework, please read the chapter on plants and take notes on the different topics we discussed today.",OTR
Thank you for your attention today. I appreciate your participation in the class discussion.,NA
"Have a great day, everyone. See you in the next class.",PRS
"Plants have a variety of uses, including medicinal purposes.",NA
"For example, the willow tree has been used to create salicylic acid, a precursor of aspirin.",OTR
"Plants also play a vital role in the carbon cycle, helping to reduce the amount of carbon dioxide in the atmosphere.",NA
Let's also not forget the aesthetic value of plants; they add beauty to our surroundings and are used in landscaping.,PRS
"Moreover, plants are used in research; they help us understand fundamental life processes.",NA
"I hope that through this lesson, you've gained a deeper appreciation for the world of plants.",OTR
"For next class, please bring in a leaf from a tree or plant outside of school.",NA
We will be using these leaves in a lab activity to learn more about plant structures.,OTR
"Remember, when collecting your leaf, to be respectful of nature and take only what you need.",NA
"If you have any questions about the homework or today's lesson, feel free to ask.",OTR
"Okay, if there are no questions, that concludes today's lesson on plants.",NA
Please review the material and come prepared to engage in our lab activity next class.,OTR
Thank you all for your attention today. See you next class.,NA
"Goodbye everyone, and remember to be curious and keep exploring the fascinating world of plants.",PRS